"GSPC.Open","GSPC.High","GSPC.Low","GSPC.Close","GSPC.Volume","GSPC.Adjusted","rsi","sma","GSPC.Close.EMA.14","GSPC.Close.SMA.10"
923.26001,947.77002,923.26001,942.87,6370440000,942.87,,,,
942.87,949.38,938.46002,944.73999,5987340000,944.73999,,,,
942.51001,942.51001,923.84998,931.76001,5323770000,931.76001,,,,
932.48999,942.46997,929.32001,942.46002,5352890000,942.46002,,,,
945.66998,951.69,934.13,940.09003,5277910000,940.09003,,,,
938.12,946.33002,926.44,939.14001,4483430000,939.14001,,,,
940.34998,946.91998,936.15002,942.42999,4439950000,942.42999,,,,
942.72998,949.77002,927.96997,939.15002,5379420000,939.15002,,,,
939.03998,956.22998,939.03998,944.89001,5500840000,944.89001,,,,
943.44,946.29999,935.65997,946.21002,4528120000,946.21002,,941.37401,,941.37401
942.45001,942.45001,919.65002,923.71997,4697880000,923.71997,,939.459007,,939.459007
925.59998,928,911.59998,911.96997,4951200000,911.96997,,936.182005,,936.182005
911.89001,918.44,903.78003,910.71002,5523650000,910.71002,,934.077006,,934.077006
910.85999,921.92999,907.94,918.37,4684010000,918.37,,931.668004,,931.668004
919.96002,927.09003,915.79999,921.22998,5713390000,921.22998,37.7767485051384,929.781999,37.7767485051384,929.781999
918.13,918.13,893.03998,893.03998,4903940000,893.03998,28.1295431458154,925.171996,28.1295431458154,925.171996
893.46002,898.69,888.85999,895.09998,5071020000,895.09998,29.5454760082864,920.438995,29.5454760082864,920.438995
896.31,910.84998,896.31,900.94,4636720000,900.94,33.5427717196621,916.617993,33.5427717196621,916.617993
899.45001,921.41998,896.27002,920.26001,4911240000,920.26001,44.7171958752056,914.154993,44.7171958752056,914.154993
918.84003,922,913.03003,918.90002,6076660000,918.90002,44.1543756091348,911.423993,44.1543756091348,911.423993
919.85999,927.98999,916.17999,927.22998,4211760000,927.22998,48.4353180885214,911.774994,48.4353180885214,911.774994
927.15002,930.01001,912.85999,919.32001,4627570000,919.32001,44.9144261166276,912.509998,44.9144261166276,912.509998
920.82001,931.91998,920.82001,923.33002,3919400000,923.33002,47.0171449464553,913.771998,47.0171449464553,913.771998
921.23999,921.23999,896.41998,896.41998,3.931e+09,896.41998,36.8511857327497,911.576996,36.8511857327497,911.576996
894.27002,898.71997,886.35999,898.71997,4712580000,898.71997,38.0834257726869,909.325995,38.0834257726869,909.325995
898.59998,898.59998,879.92999,881.03003,4673300000,881.03003,32.7845426413103,908.125,32.7845426413103,908.125
881.90002,886.79999,869.32001,879.56,5721780000,879.56,32.3813360546395,906.571002,32.3813360546395,906.571002
881.28003,887.85999,878.45001,882.67999,4347170000,882.67999,34.2301658142002,904.745001,34.2301658142002,904.745001
880.03003,883.57001,872.81,879.13,3912080000,879.13,33.1205157573089,900.632,33.1205157573089,900.632
879.57001,901.04999,875.32001,901.04999,4499440000,901.04999,44.9806678106945,898.846997,44.9806678106945,898.846997
900.77002,905.84003,896.5,905.84003,4149030000,905.84003,47.1848102556529,896.708002,47.1848102556529,896.708002
910.15002,933.95001,910.15002,932.67999,5238830000,932.67999,57.4668503828399,898.044,57.4668503828399,898.044
930.16998,943.96002,927.45001,940.73999,4898640000,940.73999,59.9860890429258,899.784997,59.9860890429258,899.784997
940.56,941.89001,934.65002,940.38,5141380000,940.38,59.8156783355701,904.180999,59.8156783355701,904.180999
942.07001,951.62,940.98999,951.13,4853150000,951.13,63.1795408828144,909.422002,63.1795408828144,909.422002
951.96997,956.53003,943.21997,954.58002,5309300000,954.58002,64.2148783476788,916.777001,64.2148783476788,916.777001
953.40002,959.83002,947.75,954.07001,4634100000,954.07001,63.9287042025449,924.228002,63.9287042025449,924.228002
954.07001,979.41998,953.27002,976.28998,5761650000,976.28998,70.1667048416504,933.589001,70.1667048416504,933.589001
972.15997,979.78998,965.95001,979.26001,4458300000,979.26001,70.8913213336561,943.602002,70.8913213336561,943.602002
978.63,982.48999,972.28998,982.17999,4631290000,982.17999,71.6211247504539,951.715002,71.6211247504539,951.715002
981.47998,982.34998,969.34998,979.62,5490350000,979.62,69.9649468533159,959.092999,69.9649468533159,959.092999
977.65997,977.76001,968.65002,975.15002,5178770000,975.15002,67.0494468822404,963.340002,67.0494468822404,963.340002
976.01001,996.67999,976.01001,986.75,6035180000,986.75,70.4865237340578,967.941003,70.4865237340578,967.941003
986.79999,993.17999,982.84998,987.47998,5139070000,987.47998,70.693693334268,972.651001,70.693693334268,972.651001
990.21997,1003.60999,990.21997,1002.63,5603440000,1002.63,74.6680054899902,977.801001,74.6680054899902,977.801001
1001.40997,1007.12,996.67999,1005.65002,5713700000,1005.65002,75.3846250163344,982.908001,75.3846250163344,982.908001
1005.40997,1006.64001,994.31,1002.71997,7242120000,1002.71997,73.2204056512571,987.772997,73.2204056512571,987.772997
1004.06,1008,992.48999,997.08002,6753380000,997.08002,69.1076801848425,989.852001,69.1076801848425,989.852001
999.83002,1018,999.83002,1010.47998,6827089600,1010.47998,72.9895607412502,992.973998,72.9895607412502,992.973998
1008.89001,1010.12,1000.98999,1007.09998,5406080000,1007.09998,70.5803578075344,995.465997,70.5803578075344,995.465997
1005.77002,1005.77002,992.40002,994.34998,5773160000,994.34998,62.235329835468,996.938995,62.235329835468,996.938995
994,1012.78003,993.35999,1005.81,5498170000,1005.81,66.1135293983754,1000.004993,66.1135293983754,1000.004993
1005.85999,1013.14001,1000.82001,1012.72998,5250660000,1012.72998,68.2348188875478,1002.602991,68.2348188875478,1002.602991
1012.22998,1012.59998,994.59998,1004.09003,4940750000,1004.09003,62.9372969675317,1004.263996,62.9372969675317,1004.263996
998.17999,998.17999,978.51001,979.72998,4088570000,979.72998,50.9311908061976,1001.973994,50.9311908061976,1001.973994
980.62,991.20001,980.62,989.66998,4198970000,989.66998,54.7263701250419,1000.37599,54.7263701250419,1000.37599
986.88,999.60999,980.62,996.46002,4.257e+09,996.46002,57.163673734002,999.749995,57.163673734002,999.749995
996.40997,1008.91998,996.39001,1007.37,4893160000,1007.37,60.8139990108697,1000.778993,60.8139990108697,1000.778993
1009.06,1027.58997,1009.06,1026.13,5885550000,1026.13,66.1548382411538,1002.343995,66.1548382411538,1002.343995
1026.58997,1035.81995,1022.47998,1025.56995,6302450000,1025.56995,65.866222530548,1004.190992,65.866222530548,1004.190992
1026.63,1037.75,1026.20996,1028,5768740000,1028,66.5481706253869,1007.555994,66.5481706253869,1007.555994
1027.34998,1032.46997,1021.57001,1028.12,5080060000,1028.12,66.5836745513598,1009.786994,66.5836745513598,1009.786994
1027.81006,1033.32996,1016.20001,1030.97998,5785880000,1030.97998,67.4698287298907,1011.611994,67.4698287298907,1011.611994
1031.62,1039.46997,1023.13,1028.93005,5785780000,1028.93005,66.1164454302973,1014.095996,66.1164454302973,1014.095996
1025.20996,1025.20996,1014.62,1020.62,5004560000,1020.62,60.7927603428352,1018.184998,60.7927603428352,1018.184998
1019.52002,1028.44995,996.28003,998.03998,6862360000,998.03998,49.2002921881519,1019.021998,49.2002921881519,1019.021998
996.07001,1000.34003,991.96997,994.75,5842730000,994.75,47.7709329587764,1018.850996,47.7709329587764,1018.850996
996.12,1003.42999,992.25,1003.23999,4624280000,1003.23999,51.6727291693563,1018.437995,51.6727291693563,1018.437995
1003.84003,1016.47998,1001.65002,1016.40002,4097370000,1016.40002,57.0311896076089,1017.464997,57.0311896076089,1017.464997
1018.66998,1026.06995,1018.66998,1025.39001,5235160000,1025.39001,60.2718471856368,1017.447003,60.2718471856368,1017.447003
1025.35999,1036.33997,1023.96997,1033.37,5202550000,1033.37,62.9434541712158,1017.984003,62.9434541712158,1017.984003
1032.98999,1044.14001,1028.04004,1044.14001,5191380000,1044.14001,66.2428776340134,1019.586004,66.2428776340134,1019.586004
1043.92004,1048.18005,1038.40002,1042.72998,4922600000,1042.72998,65.4215977234797,1020.761004,65.4215977234797,1020.761004
1040.15002,1049.73999,1035,1049.33997,4979610000,1049.33997,67.458396350241,1022.801996,67.458396350241,1022.801996
1049.03003,1056.04004,1043.42004,1052.63,6185620000,1052.63,68.4544106097647,1026.002996,68.4544106097647,1026.002996
1053.98999,1068.76001,1052.87,1068.76001,6793529600,1068.76001,72.8430253178169,1033.074999,72.8430253178169,1033.074999
1067.87,1074.77002,1061.19995,1065.48999,6668110000,1065.48999,70.6957747700874,1040.148998,70.6957747700874,1040.148998
1066.59998,1071.52002,1064.27002,1068.30005,5607970000,1068.30005,71.4739654391997,1046.655004,71.4739654391997,1046.655004
1067.14001,1067.28003,1057.45996,1064.66003,4615280000,1064.66003,68.9208000645036,1051.481005,68.9208000645036,1051.481005
1066.34998,1073.81006,1066.34998,1071.66003,5246600000,1071.66003,71.0616388031023,1056.108007,71.0616388031023,1056.108007
1072.68994,1080.15002,1060.39001,1060.87,5531930000,1060.87,63.7697786724491,1058.858007,63.7697786724491,1058.858007
1062.56006,1066.29004,1045.84998,1050.78003,5505610000,1050.78003,57.7972007820432,1059.522009,57.7972007820432,1059.522009
1049.47998,1053.46997,1041.17004,1044.38,4507090000,1044.38,54.321852735145,1059.687011,54.321852735145,1059.687011
1045.38,1065.13,1045.38,1062.97998,3726950000,1062.97998,61.5566711703083,1061.051012,61.5566711703083,1061.051012
1063.68994,1069.62,1057.82996,1060.60999,4949900000,1060.60999,60.2472625533232,1061.849011,60.2472625533232,1061.849011
1061.02002,1063.40002,1046.46997,1057.07996,5998860000,1057.07996,58.259416423884,1060.681006,58.259416423884,1060.681006
1054.91003,1054.91003,1029.44995,1029.84998,5791450000,1029.84998,45.7261631323302,1057.117005,45.7261631323302,1057.117005
1029.70996,1030.59998,1019.95001,1025.20996,5583240000,1025.20996,43.9895448506927,1052.807996,43.9895448506927,1052.807996
1026.87,1042.57996,1025.92004,1040.45996,4313310000,1040.45996,50.6264907533778,1050.387989,50.6264907533778,1050.387989
1042.02002,1060.55005,1042.02002,1054.71997,5029840000,1054.71997,55.8899514192249,1048.693983,55.8899514192249,1048.693983
1053.65002,1058.02002,1050.09998,1057.57996,4238220000,1057.57996,56.882742536543,1048.364979,56.882742536543,1048.364979
1060.03003,1070.67004,1060.03003,1065.47998,4988400000,1065.47998,59.588411315249,1049.834974,59.588411315249,1049.834974
1065.28003,1071.51001,1063,1071.48999,3763780000,1071.48999,61.5644190409485,1052.545973,61.5644190409485,1052.545973
1071.63,1079.45996,1071.63,1076.18994,3710430000,1076.18994,63.0845923713313,1053.866969,63.0845923713313,1053.866969
1074.95996,1075.30005,1066.70996,1073.18994,4320480000,1073.18994,61.414863897338,1055.124964,61.414863897338,1055.124964
1078.68005,1093.17004,1078.68005,1092.02002,5406420000,1092.02002,67.270539307852,1058.61897,67.270539307852,1058.61897
1090.35999,1096.56006,1086.41003,1096.56006,5369780000,1096.56006,68.5113435970381,1065.289978,68.5113435970381,1065.289978
1094.67004,1094.67004,1081.53003,1087.68005,4894740000,1087.68005,63.4449388814399,1071.536987,63.4449388814399,1071.536987
1088.21997,1100.17004,1086.47998,1097.91003,4619240000,1097.91003,66.5168569345982,1077.281994,66.5168569345982,1077.281994
1098.64001,1098.64001,1086.16003,1091.06006,5396930000,1091.06006,62.7163506117948,1080.916003,62.7163506117948,1080.916003
1090.35999,1101.35999,1080.77002,1081.40002,5616290000,1081.40002,57.70878541628,1083.298009,57.70878541628,1083.298009
1080.95996,1095.20996,1074.31006,1092.91003,5192410000,1092.91003,61.6390077946076,1086.041014,61.6390077946076,1086.041014
1095.62,1095.82996,1075.48999,1079.59998,4767460000,1079.59998,55.2453239161702,1086.852013,55.2453239161702,1086.852013
1080.35999,1091.75,1065.22998,1066.94995,6363380000,1066.94995,49.9429951042535,1085.928014,49.9429951042535,1085.928014
1067.54004,1072.47998,1060.62,1063.41003,5337380000,1063.41003,48.5390536056478,1084.950023,48.5390536056478,1084.950023
1061.51001,1063.26001,1042.18994,1042.63,6600350000,1042.63,41.2147762695762,1080.011021,41.2147762695762,1080.011021
1043.68994,1066.82996,1043.68994,1066.10999,5595040000,1066.10999,50.3341988798829,1076.966014,50.3341988798829,1076.966014
1065.41003,1065.41003,1033.38,1036.18994,6512420000,1036.18994,41.4995105667709,1071.817003,41.4995105667709,1071.817003
1036.18005,1052.18005,1029.38,1042.88,6202640000,1042.88,43.8717679948109,1066.314,43.8717679948109,1066.314
1040.92004,1046.35999,1033.93994,1045.41003,5487500000,1045.41003,44.7836741807232,1061.748997,44.7836741807232,1061.748997
1047.14001,1061,1045.15002,1046.5,5635510000,1046.5,45.1967678404082,1058.258995,45.1967678404082,1058.258995
1047.30005,1066.65002,1047.30005,1066.63,4848350000,1066.63,52.2951229085763,1055.630992,52.2951229085763,1055.630992
1064.94995,1071.47998,1059.31995,1069.30005,4277130000,1069.30005,53.1617113026578,1054.600999,53.1617113026578,1054.600999
1072.31006,1093.18994,1072.31006,1093.07996,4460030000,1093.07996,60.1115229986249,1057.214,60.1115229986249,1057.214
1091.85999,1096.42004,1087.40002,1093.01001,4394770000,1093.01001,60.0832814922386,1060.173998,60.0832814922386,1060.173998
1096.04004,1105.37,1093.81006,1098.51001,4286700000,1098.51001,61.6105035776383,1065.761999,61.6105035776383,1065.761999
1098.31006,1101.96997,1084.90002,1087.23999,4160250000,1087.23999,56.8137490546584,1067.874999,56.8137490546584,1067.874999
1087.58997,1097.79004,1085.32996,1093.47998,3792610000,1093.47998,58.729657275619,1073.604003,58.729657275619,1073.604003
1094.13,1113.68994,1094.13,1109.30005,4565850000,1109.30005,63.1884976927399,1080.246008,63.1884976927399,1080.246008
1109.21997,1110.52002,1102.18994,1110.31995,3824070000,1110.31995,63.4625640923784,1086.737,63.4625640923784,1086.737
1109.43994,1111.09998,1102.69995,1109.80005,4293340000,1109.80005,63.2042397255846,1093.067005,63.2042397255846,1093.067005
1106.43994,1106.43994,1088.40002,1094.90002,4178030000,1094.90002,56.1500099052519,1095.894007,56.1500099052519,1095.894007
1094.66003,1094.66003,1086.81006,1091.38,3751230000,1091.38,54.5996382153984,1098.102002,54.5996382153984,1098.102002
1094.85999,1112.38,1094.85999,1106.23999,3827920000,1106.23999,59.6630900929791,1099.418005,59.6630900929791,1099.418005
1105.82996,1107.56006,1097.63,1105.65002,3700820000,1105.65002,59.3799357734259,1100.682006,59.3799357734259,1100.682006
1106.48999,1111.18005,1104.75,1110.63,3036350000,1110.63,61.0598882474923,1101.894005,61.0598882474923,1101.894005
1105.46997,1105.46997,1083.73999,1091.48999,2362910000,1091.48999,52.1353118661693,1102.319005,52.1353118661693,1102.319005
1091.06995,1097.23999,1086.25,1095.63,3895520000,1095.63,53.7112914358734,1102.534007,53.7112914358734,1102.534007
1098.89001,1112.28003,1098.89001,1108.85999,4249310000,1108.85999,58.4225409264716,1102.490001,58.4225409264716,1102.490001
1109.03003,1115.57996,1105.29004,1109.23999,3941340000,1109.23999,58.5530265383064,1102.382005,58.5530265383064,1102.382005
1110.58997,1117.28003,1098.73999,1099.92004,4810030000,1099.92004,54.0709110948768,1101.394004,54.0709110948768,1101.394004
1100.43005,1119.13,1096.52002,1105.97998,5781140000,1105.97998,56.407513181008,1102.502,56.407513181008,1102.502
1105.52002,1110.71997,1100.82996,1103.25,4103360000,1103.25,55.0488219156975,1103.689,55.0488219156975,1103.689
1103.04004,1103.04004,1088.60999,1091.93994,4748030000,1091.93994,49.7069766333743,1102.258995,49.7069766333743,1102.258995
1091.06995,1097.04004,1085.89001,1095.94995,4115410000,1095.94995,51.5038432053698,1101.288988,51.5038432053698,1101.288988
1098.68994,1106.25,1098.68994,1102.34998,3996490000,1102.34998,54.3096259272005,1100.460986,54.3096259272005,1100.460986
1103.95996,1108.5,1101.33997,1106.41003,3791090000,1106.41003,56.0469074725334,1101.95299,56.0469074725334,1101.95299
1107.83997,1114.76001,1107.83997,1114.10999,4548490000,1114.10999,59.2142546282153,1103.800989,59.2142546282153,1103.800989
1114.10999,1114.10999,1105.34998,1107.93005,5045100000,1107.93005,55.7423184728617,1103.707995,55.7423184728617,1103.707995
1108.60999,1116.20996,1107.95996,1109.18005,4829820000,1109.18005,56.3004453188473,1103.702001,56.3004453188473,1103.702001
1106.35999,1106.35999,1095.88,1096.07996,7615070400,1096.07996,49.2856685494987,1103.317993,49.2856685494987,1103.317993
1097.85999,1103.73999,1093.88,1102.46997,6325890000,1102.46997,52.4010507390861,1102.966992,52.4010507390861,1102.966992
1105.31006,1117.68005,1105.31006,1114.05005,3977340000,1114.05005,57.496683826858,1104.046997,57.496683826858,1104.046997
1114.51001,1120.27002,1114.51001,1118.02002,3641130000,1118.02002,59.1127138229468,1106.655005,59.1127138229468,1106.655005
1118.83997,1121.57996,1116,1120.58997,3166870000,1120.58997,60.1684986368012,1109.119007,60.1684986368012,1109.119007
1121.07996,1126.47998,1121.07996,1126.47998,1267710000,1126.47998,62.5549757962328,1111.532007,62.5549757962328,1111.532007
1127.53003,1130.38,1123.51001,1127.78003,2716400000,1127.78003,63.0807654078227,1113.669007,63.0807654078227,1113.669007
1128.55005,1130.38,1126.07996,1126.19995,2491020000,1126.19995,61.9423281155946,1114.878003,61.9423281155946,1114.878003
1125.53003,1126.42004,1121.93994,1126.42004,2277300000,1126.42004,62.0450791416416,1116.727002,62.0450791416416,1116.727002
1126.59998,1127.64001,1114.81006,1115.09998,2076990000,1115.09998,53.973514168052,1117.318995,53.973514168052,1117.318995
1116.56006,1133.87,1116.56006,1132.98999,3991400000,1132.98999,62.3169194623367,1121.009998,62.3169194623367,1121.009998
1132.66003,1136.63,1129.66003,1136.52002,2491020000,1136.52002,63.7146372395352,1124.415003,63.7146372395352,1124.415003
1135.70996,1139.18994,1133.94995,1137.14001,4972660000,1137.14001,63.967426918468,1126.723999,63.967426918468,1126.723999
1136.27002,1142.45996,1131.31995,1141.68994,5270680000,1141.68994,65.847829721939,1129.090991,65.847829721939,1129.090991
1140.52002,1145.39001,1136.21997,1144.97998,4389590000,1144.97998,67.1815207007211,1131.529992,67.1815207007211,1131.529992
1145.95996,1149.73999,1142.02002,1146.97998,4255780000,1146.97998,67.9996191224513,1133.579992,67.9996191224513,1133.579992
1143.81006,1143.81006,1131.77002,1136.21997,4716160000,1136.21997,59.4179437438648,1134.423986,59.4179437438648,1134.423986
1137.31006,1148.40002,1133.18005,1145.68005,4170360000,1145.68005,63.7495219311728,1136.371996,63.7495219311728,1136.371996
1145.68005,1150.41003,1143.80005,1148.45996,3915200000,1148.45996,64.9339786939709,1138.575988,64.9339786939709,1138.575988
1147.71997,1147.77002,1131.39001,1136.03003,4758730000,1136.03003,56.1064191466427,1140.668993,56.1064191466427,1140.668993
1136.03003,1150.44995,1135.77002,1150.22998,4724830000,1150.22998,62.3957989693123,1142.392992,62.3957989693123,1142.392992
1147.94995,1147.94995,1129.25,1138.04004,4810560000,1138.04004,55.0972552859653,1142.544994,55.0972552859653,1142.544994
1138.68005,1141.57996,1114.83997,1116.47998,6874289600,1116.47998,45.0582957573256,1140.478991,45.0582957573256,1140.478991
1115.48999,1115.48999,1090.18005,1091.76001,6208650000,1091.76001,36.7829219260054,1135.485998,36.7829219260054,1135.485998
1092.40002,1102.96997,1092.40002,1096.78003,4481390000,1096.78003,39.2240296953095,1130.666003,39.2240296953095,1130.666003
1095.80005,1103.68994,1089.85999,1092.17004,4731910000,1092.17004,37.781224226309,1125.185009,37.781224226309,1125.185009
1091.93994,1099.51001,1083.10999,1097.5,5319120000,1097.5,40.5060397184019,1121.313012,40.5060397184019,1121.313012
1096.93005,1100.21997,1078.45996,1084.53003,5452400000,1084.53003,36.3358943237214,1115.19801,36.3358943237214,1115.19801
1087.60999,1096.44995,1071.58997,1073.87,5412850000,1073.87,33.3013249866381,1107.739014,33.3013249866381,1107.739014
1073.89001,1089.38,1073.89001,1089.18994,4077610000,1089.18994,40.9356393538123,1103.055005,40.9356393538123,1103.055005
1090.05005,1104.72998,1087.95996,1103.31995,4749540000,1103.31995,46.9651774197326,1098.364002,46.9651774197326,1098.364002
1100.67004,1102.71997,1093.96997,1097.28003,4285450000,1097.28003,44.8572086162797,1094.288001,44.8572086162797,1094.288001
1097.25,1097.25,1062.78003,1063.10999,5859690000,1063.10999,35.2247854626776,1088.951002,35.2247854626776,1088.951002
1064.12,1067.13,1044.5,1066.18994,6438900000,1066.18994,36.5474068643283,1086.393995,36.5474068643283,1086.393995
1065.51001,1071.19995,1056.51001,1056.73999,4089820000,1056.73999,34.237476136161,1082.389991,34.237476136161,1082.389991
1060.06006,1079.28003,1060.06006,1070.52002,5114260000,1070.52002,40.1753117234845,1080.224989,40.1753117234845,1080.224989
1069.68005,1073.67004,1059.33997,1068.13,4251450000,1068.13,39.5089934603805,1077.287989,39.5089934603805,1077.287989
1067.09998,1080.04004,1060.58997,1078.46997,4400870000,1078.46997,43.8479982697318,1076.681983,43.8479982697318,1076.681983
1075.94995,1077.81006,1062.96997,1075.51001,4160680000,1075.51001,42.8993584194113,1076.845984,42.8993584194113,1076.845984
1079.13,1095.67004,1079.13,1094.87,4080770000,1094.87,50.4502318274919,1077.41399,50.4502318274919,1077.41399
1096.14001,1101.03003,1094.71997,1099.51001,4259230000,1099.51001,52.0856188817816,1077.032996,52.0856188817816,1077.032996
1099.03003,1108.23999,1097.47998,1106.75,3878620000,1106.75,54.6033341806449,1077.979993,54.6033341806449,1077.979993
1105.48999,1112.42004,1100.80005,1109.17004,3944280000,1109.17004,55.4460786882012,1082.585998,55.4460786882012,1082.585998
1110,1112.29004,1105.38,1108.01001,3814440000,1108.01001,54.9197801981954,1086.768005,54.9197801981954,1086.768005
1107.48999,1108.57996,1092.18005,1094.59998,4521050000,1094.59998,49.1157784966192,1090.554004,49.1157784966192,1090.554004
1095.89001,1106.42004,1095.5,1105.23999,4168360000,1105.23999,53.3301437617265,1094.026001,53.3301437617265,1094.026001
1101.23999,1103.5,1086.02002,1102.93994,4521130000,1102.93994,52.3213374274371,1097.506995,52.3213374274371,1097.506995
1103.09998,1107.23999,1097.56006,1104.48999,3945190000,1104.48999,52.9670370005153,1100.108997,52.9670370005153,1100.108997
1105.35999,1116.10999,1105.35999,1115.70996,3847640000,1115.70996,57.4581452851524,1104.128992,57.4581452851524,1104.128992
1117.01001,1123.45996,1116.51001,1118.31006,4134680000,1118.31006,58.448344455244,1106.472998,58.448344455244,1106.472998
1119.35999,1125.64001,1116.57996,1118.79004,3951320000,1118.79004,58.6397291858219,1108.401001,58.6397291858219,1108.401001
1119.12,1123.72998,1116.66003,1122.96997,3945010000,1122.96997,60.3523716863231,1110.022998,60.3523716863231,1110.022998
1125.12,1139.38,1125.12,1138.69995,4.133e+09,1138.69995,66.0496950333941,1112.975989,66.0496950333941,1112.975989
1138.40002,1141.05005,1136.77002,1138.5,3774680000,1138.5,65.9200222236,1116.024988,65.9200222236,1116.024988
1137.56006,1145.37,1134.90002,1140.44995,5185570000,1140.44995,66.6085168648807,1120.609985,66.6085168648807,1120.609985
1140.21997,1148.26001,1140.08997,1145.60999,5469120000,1145.60999,68.4262958284134,1124.646985,68.4262958284134,1124.646985
1143.95996,1150.23999,1138.98999,1150.23999,4669060000,1150.23999,70.0041923886527,1129.37699,70.0041923886527,1129.37699
1151.70996,1153.41003,1146.96997,1149.98999,4928160000,1149.98999,69.8013491612544,1133.92699,69.8013491612544,1133.92699
1148.53003,1150.97998,1141.44995,1150.51001,4164110000,1150.51001,69.9960998023815,1137.406995,69.9960998023815,1137.406995
1150.82996,1160.28003,1150.34998,1159.45996,4369770000,1159.45996,73.1995546806418,1141.521985,73.1995546806418,1141.521985
1159.93994,1169.83997,1159.93994,1166.20996,4963200000,1166.20996,75.3381762188924,1146.263977,75.3381762188924,1146.263977
1166.13,1167.77002,1161.16003,1165.82996,4234510000,1165.82996,74.975452854782,1150.549976,74.975452854782,1150.549976
1166.68005,1169.19995,1155.32996,1159.90002,5212410000,1159.90002,69.3631557040255,1152.669983,69.3631557040255,1152.669983
1157.25,1167.81995,1152.88,1165.81006,4261680000,1165.81006,71.641549850598,1155.400989,71.641549850598,1155.400989
1166.46997,1174.71997,1163.82996,1174.17004,4411640000,1174.17004,74.5273034759852,1158.772998,74.5273034759852,1158.772998
1172.69995,1173.04004,1166.01001,1167.71997,4705750000,1167.71997,68.7171726313396,1160.983996,68.7171726313396,1160.983996
1170.03003,1180.68994,1165.08997,1165.72998,5668900000,1165.72998,66.9821671584661,1162.532995,66.9821671584661,1162.532995
1167.57996,1173.93005,1161.47998,1166.58997,4708420000,1166.58997,67.3656428328877,1164.192993,67.3656428328877,1164.192993
1167.70996,1174.84998,1167.70996,1173.21997,4375580000,1173.21997,70.2356951288825,1166.463989,70.2356951288825,1166.463989
1173.75,1177.82996,1168.92004,1173.27002,4.085e+09,1173.27002,70.2569606157782,1167.844995,70.2569606157782,1167.844995
1171.75,1174.56006,1165.77002,1169.43005,4484340000,1169.43005,66.3407299377018,1168.167004,66.3407299377018,1168.167004
1171.22998,1181.43005,1170.68994,1178.09998,4006870000,1178.09998,70.3582266701278,1169.394006,70.3582266701278,1169.394006
1178.70996,1187.72998,1178.70996,1187.43994,3881620000,1187.43994,73.963568210735,1172.147998,73.963568210735,1172.147998
1186.01001,1191.80005,1182.77002,1189.43994,4086180000,1189.43994,74.6739301651298,1174.510986,74.6739301651298,1174.510986
1188.22998,1189.59998,1177.25,1182.44995,5101430000,1182.44995,67.7197662859345,1175.338977,67.7197662859345,1175.338977
1181.75,1188.55005,1175.12,1186.43994,4726970000,1186.43994,69.4676634914131,1177.210974,69.4676634914131,1177.210974
1187.46997,1194.66003,1187.15002,1194.37,4511570000,1194.37,72.6387265182777,1180.074976,72.6387265182777,1180.074976
1194.93994,1199.19995,1194.70996,1196.47998,4607090000,1196.47998,73.4294628908755,1183.063977,73.4294628908755,1183.063977
1195.93994,1199.04004,1188.81995,1197.30005,5403580000,1197.30005,73.7470268248078,1185.471985,73.7470268248078,1185.471985
1198.68994,1210.65002,1198.68994,1210.65002,5760040000,1210.65002,78.2948855765049,1189.209985,78.2948855765049,1189.209985
1210.77002,1213.92004,1208.5,1211.67004,5995330000,1211.67004,78.5999256078935,1193.433984,78.5999256078935,1193.433984
1210.17004,1210.17004,1186.77002,1192.13,8108470400,1192.13,60.9333852918448,1194.836986,60.9333852918448,1194.836986
1192.06006,1197.87,1183.68005,1197.52002,6597740000,1197.52002,63.3785837913083,1195.844994,63.3785837913083,1195.844994
1199.04004,1208.57996,1199.04004,1207.17004,5316590000,1207.17004,67.3221111053561,1197.618004,67.3221111053561,1197.618004
1207.16003,1210.98999,1198.84998,1205.93994,5724310000,1205.93994,66.3414219287182,1199.967003,66.3414219287182,1199.967003
1202.52002,1210.27002,1190.18994,1208.67004,6035780000,1208.67004,67.473896642035,1202.190013,67.473896642035,1202.190013
1207.87,1217.28003,1205.09998,1217.28003,5326060000,1217.28003,70.8095596629348,1204.481016,70.8095596629348,1204.481016
1217.06995,1219.80005,1211.06995,1212.05005,5647760000,1212.05005,66.3578723699484,1206.038023,66.3578723699484,1206.038023
1209.92004,1211.38,1181.62,1183.70996,7454540000,1183.70996,48.5471247378271,1204.679014,48.5471247378271,1204.679014
1184.58997,1195.05005,1181.81006,1191.35999,6342310000,1191.35999,52.2711869535513,1202.750011,52.2711869535513,1202.750011
1193.30005,1209.35999,1193.30005,1206.78003,6059410000,1206.78003,58.7518417207889,1202.26101,58.7518417207889,1202.26101
1206.77002,1207.98999,1186.31995,1186.68994,6048260000,1186.68994,49.3501174823435,1201.717004,49.3501174823435,1201.717004
1188.57996,1205.13,1188.57996,1202.26001,4938050000,1202.26001,55.317899733756,1202.191003,55.317899733756,1202.191003
1197.5,1197.5,1168.12,1173.59998,6594720000,1173.59998,44.8439762087462,1198.833997,44.8439762087462,1198.833997
1169.23999,1175.94995,1158.15002,1165.87,6795940000,1165.87,42.5063047199891,1194.827003,42.5063047199891,1194.827003
1164.38,1167.57996,1065.79004,1128.15002,10617809600,1128.15002,33.3659900148998,1186.775001,33.3659900148998,1186.775001
1127.04004,1135.13,1094.15002,1110.88,9472910400,1110.88,30.1674454646862,1176.134998,30.1674454646862,1176.134998
1122.27002,1163.84998,1122.27002,1159.72998,6893700000,1159.72998,45.950647540439,1170.902991,45.950647540439,1170.902991
1156.39001,1170.47998,1147.70996,1155.79004,5842550000,1155.79004,45.0659484024353,1168.110999,45.0659484024353,1168.110999
1155.43005,1172.87,1155.43005,1171.67004,5225460000,1171.67004,49.3027123366963,1166.142004,49.3027123366963,1166.142004
1170.04004,1173.56995,1156.14001,1157.43994,4870640000,1157.43994,45.8874161250307,1161.207995,45.8874161250307,1161.207995
1157.18994,1157.18994,1126.14001,1135.68005,6126400000,1135.68005,41.1887983909258,1156.107006,41.1887983909258,1156.107006
1136.52002,1141.88,1114.95996,1136.93994,5922920000,1136.93994,41.5619052002073,1149.574999,41.5619052002073,1149.574999
1138.78003,1148.66003,1117.19995,1120.80005,6170840000,1120.80005,38.2170104397986,1144.295006,38.2170104397986,1144.295006
1119.56995,1124.27002,1100.66003,1115.05005,6765800000,1115.05005,37.0723182668812,1139.213011,37.0723182668812,1139.213011
1107.33997,1107.33997,1071.57996,1071.58997,8328569600,1071.58997,29.8056146847245,1133.557006,29.8056146847245,1133.557006
1067.26001,1090.16003,1055.90002,1087.68994,5452130000,1087.68994,34.8966951837147,1131.238,34.8966951837147,1131.238
1084.78003,1089.94995,1072.69995,1073.65002,5224040000,1073.65002,32.6713426473769,1122.630004,32.6713426473769,1122.630004
1067.42004,1074.75,1040.78003,1074.03003,7329580000,1074.03003,32.7962600768548,1114.454003,32.7962600768548,1114.454003
1075.51001,1090.75,1065.58997,1067.94995,4521050000,1067.94995,31.7802923223621,1104.081994,31.7802923223621,1104.081994
1074.27002,1103.52002,1074.27002,1103.06006,5698460000,1103.06006,42.7997688920796,1098.644006,42.7997688920796,1098.644006
1102.58997,1102.58997,1084.78003,1089.41003,4871210000,1089.41003,40.088591066205,1094.017004,40.088591066205,1094.017004
1087.30005,1094.77002,1069.89001,1070.70996,5271480000,1070.70996,36.6622542375138,1087.394006,36.6622542375138,1087.394006
1073.01001,1098.56006,1072.03003,1098.38,5026360000,1098.38,44.2545008733462,1085.152001,44.2545008733462,1085.152001
1098.81995,1105.67004,1091.81006,1102.82996,4995970000,1102.82996,45.3882700427184,1083.929992,45.3882700427184,1083.929992
1098.43005,1098.43005,1060.5,1064.88,6180580000,1064.88,38.2445519122332,1083.258995,38.2445519122332,1083.258995
1065.83997,1071.35999,1049.85999,1050.46997,5467560000,1050.46997,35.9319558418892,1079.536998,35.9319558418892,1079.536998
1050.81006,1063.15002,1042.17004,1062,6192750000,1062,39.1049025085506,1078.371996,39.1049025085506,1078.371996
1062.75,1077.73999,1052.25,1055.68994,5983200000,1055.68994,37.9958671283561,1076.537987,37.9958671283561,1076.537987
1058.77002,1087.84998,1058.77002,1086.83997,5144780000,1086.83997,46.1195843037723,1078.426989,46.1195843037723,1078.426989
1082.65002,1092.25,1077.12,1091.59998,4059280000,1091.59998,47.2567791512577,1077.280981,47.2567791512577,1077.280981
1095,1105.91003,1089.03003,1089.63,4425830000,1089.63,46.8163860907719,1077.302978,46.8163860907719,1077.302978
1091.20996,1115.58997,1091.20996,1115.22998,4644490000,1115.22998,52.9522747588309,1081.75498,52.9522747588309,1081.75498
1114.02002,1118.73999,1107.13,1114.60999,5002600000,1114.60999,52.7934167414285,1083.377979,52.7934167414285,1083.377979
1115.97998,1117.71997,1105.87,1116.04004,4557760000,1116.04004,53.1426004078905,1084.698987,53.1426004078905,1084.698987
1116.16003,1121.01001,1113.93005,1117.51001,4555360000,1117.51001,53.5231662621066,1089.961988,53.5231662621066,1089.961988
1122.79004,1131.22998,1108.23999,1113.19995,4514360000,1113.19995,52.1848594699925,1096.234986,52.1848594699925,1096.234986
1113.90002,1118.5,1094.18005,1095.31006,4514380000,1095.31006,46.9385642673677,1099.565992,46.9385642673677,1099.565992
1095.56995,1099.64001,1085.31006,1092.04004,4526150000,1092.04004,46.0276974571818,1103.201002,46.0276974571818,1103.201002
1090.93005,1090.93005,1071.59998,1073.68994,4814830000,1073.68994,41.1964669587676,1101.885999,41.1964669587676,1101.885999
1075.09998,1083.56006,1067.89001,1076.76001,5128840000,1076.76001,42.287906942317,1100.402002,42.287906942317,1100.402002
1077.5,1082.59998,1071.44995,1074.56995,3896410000,1074.56995,41.6934010258573,1098.895997,41.6934010258573,1098.895997
1071.09998,1071.09998,1035.18005,1041.23999,6136700000,1041.23999,33.8857476280653,1091.496998,33.8857476280653,1091.496998
1040.56006,1048.07996,1028.32996,1030.70996,5067080000,1030.70996,31.8560795152295,1083.106995,31.8560795152295,1083.106995
1031.09998,1033.57996,1010.90997,1027.37,6435770000,1027.37,31.2173740021993,1074.239991,31.2173740021993,1074.239991
1027.65002,1032.94995,1015.92999,1022.58002,3968500000,1022.58002,30.2797311009602,1064.746992,30.2797311009602,1064.746992
1028.08997,1042.5,1018.34998,1028.06006,4691240000,1028.06006,32.7677488120665,1056.233003,32.7677488120665,1056.233003
1028.54004,1060.89001,1028.54004,1060.27002,4931220000,1060.27002,45.1561087596511,1052.728999,45.1561087596511,1052.728999
1062.92004,1071.25,1058.23999,1070.25,4548460000,1070.25,48.3328017362103,1050.549995,48.3328017362103,1050.549995
1070.5,1078.16003,1068.09998,1077.95996,3506570000,1077.95996,50.7081601454818,1050.976997,50.7081601454818,1050.976997
1077.22998,1080.78003,1070.44995,1078.75,3426990000,1078.75,50.9569731874226,1051.175996,50.9569731874226,1051.175996
1080.65002,1099.45996,1080.65002,1095.33997,4640460000,1095.33997,55.9817013186459,1053.252998,55.9817013186459,1053.252998
1095.60999,1099.07996,1087.68005,1095.17004,4521050000,1095.17004,55.9185038059923,1058.646003,55.9185038059923,1058.646003
1094.45996,1098.66003,1080.53003,1096.47998,4552470000,1096.47998,56.3277881297162,1065.223005,56.3277881297162,1065.223005
1093.84998,1093.84998,1063.31995,1064.88,5297350000,1064.88,45.3814828943955,1068.974005,45.3814828943955,1068.974005
1066.84998,1074.69995,1061.10999,1071.25,4089500000,1071.25,47.5924194232211,1073.841003,47.5924194232211,1073.841003
1064.53003,1083.93994,1056.88,1083.47998,4713280000,1083.47998,51.6399841510751,1079.382995,51.6399841510751,1079.382995
1086.67004,1088.95996,1065.25,1069.58997,4747180000,1069.58997,47.1829470399482,1080.31499,47.1829470399482,1080.31499
1072.14001,1097.5,1072.14001,1093.67004,4826900000,1093.67004,54.5127122310526,1082.656994,54.5127122310526,1082.656994
1092.17004,1103.72998,1087.88,1102.66003,4524570000,1102.66003,56.9165885990829,1085.127001,56.9165885990829,1085.127001
1102.89001,1115.01001,1101.30005,1115.01001,4009650000,1115.01001,60.0407345254355,1088.753002,60.0407345254355,1088.753002
1117.35999,1120.94995,1109.78003,1113.83997,4725690000,1113.83997,59.5997888510221,1090.603002,59.5997888510221,1090.603002
1112.83997,1114.66003,1103.10999,1106.13,4002390000,1106.13,56.6475151580819,1091.698998,56.6475151580819,1091.698998
1108.06995,1115.90002,1092.81995,1101.53003,4612420000,1101.53003,54.9001938698978,1092.204003,54.9001938698978,1092.204003
1098.43994,1106.43994,1088.01001,1101.59998,4006450000,1101.59998,54.9229639552623,1095.876001,54.9229639552623,1095.876001
1107.53003,1127.30005,1107.53003,1125.85999,4144180000,1125.85999,62.0746372592828,1101.337,62.0746372592828,1101.337
1125.33997,1125.43994,1116.76001,1120.45996,4071820000,1120.45996,59.8003469583482,1105.034998,59.8003469583482,1105.034998
1121.06006,1128.75,1119.45996,1127.23999,4057850000,1127.23999,61.6978188082534,1110.8,61.6978188082534,1110.8
1125.78003,1126.56006,1118.81006,1125.81006,3685560000,1125.81006,61.043394297651,1114.014002,61.043394297651,1114.014002
1122.06995,1123.06006,1107.17004,1121.64001,3857890000,1121.64001,59.0754712645395,1115.912,59.0754712645395,1115.912
1122.80005,1129.23999,1120.91003,1127.79004,3979360000,1127.79004,61.0688390901591,1117.190003,61.0688390901591,1117.190003
1122.92004,1127.16003,1111.57996,1121.06006,3979360000,1121.06006,57.7536780683709,1117.912012,57.7536780683709,1117.912012
1116.89001,1116.89001,1088.55005,1089.46997,4511860000,1089.46997,45.3178202329661,1116.246009,45.3178202329661,1116.246009
1081.47998,1086.71997,1076.68994,1083.60999,4521050000,1083.60999,43.44884192743,1114.454005,43.44884192743,1114.454005
1082.21997,1086.25,1079,1079.25,3328890000,1079.25,42.0589912503089,1112.219007,42.0589912503089,1112.219007
1077.48999,1082.62,1069.48999,1079.38,3142450000,1079.38,42.1184441001159,1107.571008,42.1184441001159,1107.571008
1081.16003,1100.14001,1081.16003,1092.54004,3968210000,1092.54004,47.9418118140212,1104.779016,47.9418118140212,1104.779016
1092.07996,1099.77002,1085.76001,1094.16003,3724260000,1094.16003,48.6269982667487,1101.47102,48.6269982667487,1101.47102
1092.43994,1092.43994,1070.66003,1075.63,4290540000,1075.63,41.8429290708497,1096.453014,41.8429290708497,1096.453014
1075.63,1075.63,1063.91003,1071.68994,3761570000,1071.68994,40.5475732793878,1091.458007,40.5475732793878,1091.458007
1073.35999,1081.57996,1067.07996,1067.35999,3210950000,1067.35999,39.1144964763821,1085.415002,39.1144964763821,1085.415002
1063.19995,1063.19995,1046.68005,1051.87,4436330000,1051.87,34.4268502466302,1078.495996,34.4268502466302,1078.495996
1048.97998,1059.38,1039.82996,1055.32996,4360190000,1055.32996,36.2642547522619,1075.081995,36.2642547522619,1075.081995
1056.28003,1061.44995,1045.40002,1047.21997,3646710000,1047.21997,33.8686738211227,1071.442993,33.8686738211227,1071.442993
1049.27002,1065.20996,1039.69995,1064.58997,4102460000,1064.58997,42.6127107739977,1069.97699,42.6127107739977,1069.97699
1062.90002,1064.40002,1048.79004,1048.92004,2917990000,1048.92004,37.7619378302934,1066.930994,37.7619378302934,1066.930994
1046.88,1055.14001,1040.88,1049.32996,4038770000,1049.32996,37.9608924650854,1062.609986,37.9608924650854,1062.609986
1049.71997,1081.30005,1049.71997,1080.29004,4396880000,1080.29004,50.7629008281792,1061.222987,50.7629008281792,1061.222987
